scenario	version	threads	sha256
plain	v0.14.1	1	0b11431b256feb5feeb8a81bdb645c52b8f791cadadcbca1a14af6f7e82624e6
plain	candidate	1	0b11431b256feb5feeb8a81bdb645c52b8f791cadadcbca1a14af6f7e82624e6
plain	candidate	32	0b11431b256feb5feeb8a81bdb645c52b8f791cadadcbca1a14af6f7e82624e6
bgzf_tbi	v0.14.1	1	0b11431b256feb5feeb8a81bdb645c52b8f791cadadcbca1a14af6f7e82624e6
bgzf_tbi	candidate	1	0b11431b256feb5feeb8a81bdb645c52b8f791cadadcbca1a14af6f7e82624e6
bgzf_tbi	candidate	32	0b11431b256feb5feeb8a81bdb645c52b8f791cadadcbca1a14af6f7e82624e6
bcf	v0.14.1	1	8b383bac5ba2eab58b3b5ffae35f0a1ff8674d400987167584508575d3af1900
bcf	candidate	1	8b383bac5ba2eab58b3b5ffae35f0a1ff8674d400987167584508575d3af1900
bcf	candidate	32	8b383bac5ba2eab58b3b5ffae35f0a1ff8674d400987167584508575d3af1900
