scenario	storage	filesystem	threads	repeat	application_wall_s	durable_wall_s	flush_s	user_s	system_s	cpu_pct	max_rss_kb	output_bytes	raw_sha256	content_sha256	exact	raw_deterministic	backend	kept_sites	total_sites	exit	validation	input	output_format
bcf_adaptive__hdd_bgzf	HDD	ext4	1	1	1065.088777	1066.123085	1.034307	1412.10	22.25	134	135092	10084621250	6746b6ca4be282456b629e3486e2088fa10783973ebc9979c129d9e18cc64f24	dde9edd98d5d05aa885e0e2f78a9696cfe0802c472d4dfd81ccffb49339107f3	PASS	YES	stream	5425725	11230392	0	raw-matches-validated-canonical	/home/data/vcftools-ng-benchmark-v0130/input/osmanthus412.snps.bcf	BGZF VCF
bcf_adaptive__hdd_bgzf	HDD	ext4	12	1	123.459170	132.771411	9.312241	1909.41	19.22	1562	168732	10084621250	6746b6ca4be282456b629e3486e2088fa10783973ebc9979c129d9e18cc64f24	dde9edd98d5d05aa885e0e2f78a9696cfe0802c472d4dfd81ccffb49339107f3	PASS	YES	stream	5425725	11230392	0	raw-matches-validated-canonical	/home/data/vcftools-ng-benchmark-v0130/input/osmanthus412.snps.bcf	BGZF VCF
bcf_adaptive__hdd_bgzf	HDD	ext4	16	1	98.923095	104.000542	5.077447	2030.12	18.78	2071	178536	10084621250	6746b6ca4be282456b629e3486e2088fa10783973ebc9979c129d9e18cc64f24	dde9edd98d5d05aa885e0e2f78a9696cfe0802c472d4dfd81ccffb49339107f3	PASS	YES	stream	5425725	11230392	0	raw-matches-validated-canonical	/home/data/vcftools-ng-benchmark-v0130/input/osmanthus412.snps.bcf	BGZF VCF
bcf_adaptive__hdd_bgzf	HDD	ext4	2	1	514.175468	517.333383	3.157915	1423.01	12.91	279	137120	10084621250	6746b6ca4be282456b629e3486e2088fa10783973ebc9979c129d9e18cc64f24	dde9edd98d5d05aa885e0e2f78a9696cfe0802c472d4dfd81ccffb49339107f3	PASS	YES	stream	5425725	11230392	0	raw-matches-validated-canonical	/home/data/vcftools-ng-benchmark-v0130/input/osmanthus412.snps.bcf	BGZF VCF
bcf_adaptive__hdd_bgzf	HDD	ext4	24	1	84.012776	101.095506	17.082730	2153.96	19.42	2587	187804	10084621250	6746b6ca4be282456b629e3486e2088fa10783973ebc9979c129d9e18cc64f24	dde9edd98d5d05aa885e0e2f78a9696cfe0802c472d4dfd81ccffb49339107f3	PASS	YES	stream	5425725	11230392	0	raw-matches-validated-canonical	/home/data/vcftools-ng-benchmark-v0130/input/osmanthus412.snps.bcf	BGZF VCF
bcf_adaptive__hdd_bgzf	HDD	ext4	28	1	80.368286	99.948912	19.580626	2174.14	18.03	2727	193736	10084621250	6746b6ca4be282456b629e3486e2088fa10783973ebc9979c129d9e18cc64f24	dde9edd98d5d05aa885e0e2f78a9696cfe0802c472d4dfd81ccffb49339107f3	PASS	YES	stream	5425725	11230392	0	raw-matches-validated-canonical	/home/data/vcftools-ng-benchmark-v0130/input/osmanthus412.snps.bcf	BGZF VCF
bcf_adaptive__hdd_bgzf	HDD	ext4	32	1	81.930197	104.271568	22.341371	2182.31	19.93	2688	205380	10084621250	6746b6ca4be282456b629e3486e2088fa10783973ebc9979c129d9e18cc64f24	dde9edd98d5d05aa885e0e2f78a9696cfe0802c472d4dfd81ccffb49339107f3	PASS	YES	stream	5425725	11230392	0	raw-matches-validated-canonical	/home/data/vcftools-ng-benchmark-v0130/input/osmanthus412.snps.bcf	BGZF VCF
bcf_adaptive__hdd_bgzf	HDD	ext4	4	1	265.733045	266.929258	1.196213	1472.73	15.90	560	140680	10084621250	6746b6ca4be282456b629e3486e2088fa10783973ebc9979c129d9e18cc64f24	dde9edd98d5d05aa885e0e2f78a9696cfe0802c472d4dfd81ccffb49339107f3	PASS	YES	stream	5425725	11230392	0	raw-matches-validated-canonical	/home/data/vcftools-ng-benchmark-v0130/input/osmanthus412.snps.bcf	BGZF VCF
bcf_adaptive__hdd_bgzf	HDD	ext4	8	1	160.990840	161.596158	0.605318	1726.55	18.67	1084	157964	10084621250	6746b6ca4be282456b629e3486e2088fa10783973ebc9979c129d9e18cc64f24	dde9edd98d5d05aa885e0e2f78a9696cfe0802c472d4dfd81ccffb49339107f3	PASS	YES	stream	5425725	11230392	0	raw-matches-validated-canonical	/home/data/vcftools-ng-benchmark-v0130/input/osmanthus412.snps.bcf	BGZF VCF
bcf_adaptive__ssd_bgzf	SSD	ext4	1	1	1019.483155	1019.522010	0.038855	1409.94	20.12	140	135540	10084621250	6746b6ca4be282456b629e3486e2088fa10783973ebc9979c129d9e18cc64f24	dde9edd98d5d05aa885e0e2f78a9696cfe0802c472d4dfd81ccffb49339107f3	PASS	YES	stream	5425725	11230392	0	full-decompressed-sha256	/home/vensin/workspace/vcftools-ng/data/osmanthus412.snps.bcf	BGZF VCF
bcf_adaptive__ssd_bgzf	SSD	ext4	12	1	123.108264	124.031661	0.923397	1908.68	19.47	1566	169032	10084621250	6746b6ca4be282456b629e3486e2088fa10783973ebc9979c129d9e18cc64f24	dde9edd98d5d05aa885e0e2f78a9696cfe0802c472d4dfd81ccffb49339107f3	PASS	YES	stream	5425725	11230392	0	raw-matches-validated-canonical	/home/vensin/workspace/vcftools-ng/data/osmanthus412.snps.bcf	BGZF VCF
bcf_adaptive__ssd_bgzf	SSD	ext4	16	1	98.449296	98.453310	0.004014	2031.44	19.14	2082	178652	10084621250	6746b6ca4be282456b629e3486e2088fa10783973ebc9979c129d9e18cc64f24	dde9edd98d5d05aa885e0e2f78a9696cfe0802c472d4dfd81ccffb49339107f3	PASS	YES	stream	5425725	11230392	0	raw-matches-validated-canonical	/home/vensin/workspace/vcftools-ng/data/osmanthus412.snps.bcf	BGZF VCF
bcf_adaptive__ssd_bgzf	SSD	ext4	2	1	511.563483	511.655742	0.092259	1418.23	13.08	279	136676	10084621250	6746b6ca4be282456b629e3486e2088fa10783973ebc9979c129d9e18cc64f24	dde9edd98d5d05aa885e0e2f78a9696cfe0802c472d4dfd81ccffb49339107f3	PASS	YES	stream	5425725	11230392	0	raw-matches-validated-canonical	/home/vensin/workspace/vcftools-ng/data/osmanthus412.snps.bcf	BGZF VCF
bcf_adaptive__ssd_bgzf	SSD	ext4	24	1	83.543324	84.430144	0.886820	2155.21	19.76	2603	187796	10084621250	6746b6ca4be282456b629e3486e2088fa10783973ebc9979c129d9e18cc64f24	dde9edd98d5d05aa885e0e2f78a9696cfe0802c472d4dfd81ccffb49339107f3	PASS	YES	stream	5425725	11230392	0	raw-matches-validated-canonical	/home/vensin/workspace/vcftools-ng/data/osmanthus412.snps.bcf	BGZF VCF
bcf_adaptive__ssd_bgzf	SSD	ext4	28	1	80.155030	80.889009	0.733979	2175.78	18.29	2737	195068	10084621250	6746b6ca4be282456b629e3486e2088fa10783973ebc9979c129d9e18cc64f24	dde9edd98d5d05aa885e0e2f78a9696cfe0802c472d4dfd81ccffb49339107f3	PASS	YES	stream	5425725	11230392	0	raw-matches-validated-canonical	/home/vensin/workspace/vcftools-ng/data/osmanthus412.snps.bcf	BGZF VCF
bcf_adaptive__ssd_bgzf	SSD	ext4	32	1	81.388494	82.255989	0.867495	2183.82	19.91	2707	203620	10084621250	6746b6ca4be282456b629e3486e2088fa10783973ebc9979c129d9e18cc64f24	dde9edd98d5d05aa885e0e2f78a9696cfe0802c472d4dfd81ccffb49339107f3	PASS	YES	stream	5425725	11230392	0	raw-matches-validated-canonical	/home/vensin/workspace/vcftools-ng/data/osmanthus412.snps.bcf	BGZF VCF
bcf_adaptive__ssd_bgzf	SSD	ext4	4	1	265.428650	265.650314	0.221663	1474.39	16.02	561	142144	10084621250	6746b6ca4be282456b629e3486e2088fa10783973ebc9979c129d9e18cc64f24	dde9edd98d5d05aa885e0e2f78a9696cfe0802c472d4dfd81ccffb49339107f3	PASS	YES	stream	5425725	11230392	0	raw-matches-validated-canonical	/home/vensin/workspace/vcftools-ng/data/osmanthus412.snps.bcf	BGZF VCF
bcf_adaptive__ssd_bgzf	SSD	ext4	8	1	160.213911	160.254354	0.040443	1722.84	18.83	1087	159420	10084621250	6746b6ca4be282456b629e3486e2088fa10783973ebc9979c129d9e18cc64f24	dde9edd98d5d05aa885e0e2f78a9696cfe0802c472d4dfd81ccffb49339107f3	PASS	YES	stream	5425725	11230392	0	raw-matches-validated-canonical	/home/vensin/workspace/vcftools-ng/data/osmanthus412.snps.bcf	BGZF VCF
bcf_adaptive__ssd_plain	SSD	ext4	1	1	317.310899	317.870871	0.559972	384.94	18.18	127	109352	57211771106	dde9edd98d5d05aa885e0e2f78a9696cfe0802c472d4dfd81ccffb49339107f3	dde9edd98d5d05aa885e0e2f78a9696cfe0802c472d4dfd81ccffb49339107f3	PASS	YES	stream	5425725	11230392	0	plain-raw-sha256	/home/vensin/workspace/vcftools-ng/data/osmanthus412.snps.bcf	VCF
bcf_adaptive__ssd_plain	SSD	ext4	12	1	48.101588	52.783971	4.682382	435.64	27.64	963	132652	57211771106	dde9edd98d5d05aa885e0e2f78a9696cfe0802c472d4dfd81ccffb49339107f3	dde9edd98d5d05aa885e0e2f78a9696cfe0802c472d4dfd81ccffb49339107f3	PASS	YES	stream	5425725	11230392	0	plain-raw-sha256	/home/vensin/workspace/vcftools-ng/data/osmanthus412.snps.bcf	VCF
bcf_adaptive__ssd_plain	SSD	ext4	16	1	43.131470	50.665644	7.534174	476.62	30.36	1175	147588	57211771106	dde9edd98d5d05aa885e0e2f78a9696cfe0802c472d4dfd81ccffb49339107f3	dde9edd98d5d05aa885e0e2f78a9696cfe0802c472d4dfd81ccffb49339107f3	PASS	YES	stream	5425725	11230392	0	plain-raw-sha256	/home/vensin/workspace/vcftools-ng/data/osmanthus412.snps.bcf	VCF
bcf_adaptive__ssd_plain	SSD	ext4	2	1	159.726853	164.932915	5.206061	386.19	15.04	251	109484	57211771106	dde9edd98d5d05aa885e0e2f78a9696cfe0802c472d4dfd81ccffb49339107f3	dde9edd98d5d05aa885e0e2f78a9696cfe0802c472d4dfd81ccffb49339107f3	PASS	YES	stream	5425725	11230392	0	plain-raw-sha256	/home/vensin/workspace/vcftools-ng/data/osmanthus412.snps.bcf	VCF
bcf_adaptive__ssd_plain	SSD	ext4	24	1	35.909501	41.906619	5.997118	542.03	29.17	1590	160432	57211771106	dde9edd98d5d05aa885e0e2f78a9696cfe0802c472d4dfd81ccffb49339107f3	dde9edd98d5d05aa885e0e2f78a9696cfe0802c472d4dfd81ccffb49339107f3	PASS	YES	stream	5425725	11230392	0	plain-raw-sha256	/home/vensin/workspace/vcftools-ng/data/osmanthus412.snps.bcf	VCF
bcf_adaptive__ssd_plain	SSD	ext4	28	1	35.645870	41.185355	5.539485	558.51	28.83	1647	164680	57211771106	dde9edd98d5d05aa885e0e2f78a9696cfe0802c472d4dfd81ccffb49339107f3	dde9edd98d5d05aa885e0e2f78a9696cfe0802c472d4dfd81ccffb49339107f3	PASS	YES	stream	5425725	11230392	0	plain-raw-sha256	/home/vensin/workspace/vcftools-ng/data/osmanthus412.snps.bcf	VCF
bcf_adaptive__ssd_plain	SSD	ext4	32	1	37.016852	43.851006	6.834154	574.75	29.20	1631	176344	57211771106	dde9edd98d5d05aa885e0e2f78a9696cfe0802c472d4dfd81ccffb49339107f3	dde9edd98d5d05aa885e0e2f78a9696cfe0802c472d4dfd81ccffb49339107f3	PASS	YES	stream	5425725	11230392	0	plain-raw-sha256	/home/vensin/workspace/vcftools-ng/data/osmanthus412.snps.bcf	VCF
bcf_adaptive__ssd_plain	SSD	ext4	4	1	160.435676	171.553471	11.117795	394.18	19.80	258	114636	57211771106	dde9edd98d5d05aa885e0e2f78a9696cfe0802c472d4dfd81ccffb49339107f3	dde9edd98d5d05aa885e0e2f78a9696cfe0802c472d4dfd81ccffb49339107f3	PASS	YES	stream	5425725	11230392	0	plain-raw-sha256	/home/vensin/workspace/vcftools-ng/data/osmanthus412.snps.bcf	VCF
bcf_adaptive__ssd_plain	SSD	ext4	8	1	82.426770	83.006221	0.579451	416.87	23.90	534	124008	57211771106	dde9edd98d5d05aa885e0e2f78a9696cfe0802c472d4dfd81ccffb49339107f3	dde9edd98d5d05aa885e0e2f78a9696cfe0802c472d4dfd81ccffb49339107f3	PASS	YES	stream	5425725	11230392	0	plain-raw-sha256	/home/vensin/workspace/vcftools-ng/data/osmanthus412.snps.bcf	VCF
bgzf_auto_csi__hdd_bgzf	HDD	ext4	1	1	1225.841338	1226.024770	0.183432	1255.74	16.84	103	22640	10203447961	236710192f24a7270f3d85240b07031efcd7c61b28fa7843a57be1ebf55b465d	7548416e01d4a318b81c5d1feb9429f60c7995205d66169242c3792af4c4fc14	PASS	YES	fast-filter-recode-bgzf	5425725	11230392	0	raw-matches-validated-canonical	/home/data/vcftools-ng-benchmark-v0130/output/bgzf_auto_csi__hdd_bgzf-t1-r1.x7PP80/input.vcf.gz	BGZF VCF
bgzf_auto_csi__hdd_bgzf	HDD	ext4	12	1	174.602051	176.316042	1.713991	1923.55	47.55	1128	14607724	10203447961	236710192f24a7270f3d85240b07031efcd7c61b28fa7843a57be1ebf55b465d	7548416e01d4a318b81c5d1feb9429f60c7995205d66169242c3792af4c4fc14	PASS	YES	fast-filter-recode-indexed-bgzf	5425725	11230392	0	raw-matches-validated-canonical	/home/data/vcftools-ng-benchmark-v0130/output/bgzf_auto_csi__hdd_bgzf-t12-r1.knHdxl/input.vcf.gz	BGZF VCF
bgzf_auto_csi__hdd_bgzf	HDD	ext4	16	1	150.746454	163.263924	12.517470	2059.01	46.15	1396	14742632	10203447961	236710192f24a7270f3d85240b07031efcd7c61b28fa7843a57be1ebf55b465d	7548416e01d4a318b81c5d1feb9429f60c7995205d66169242c3792af4c4fc14	PASS	YES	fast-filter-recode-indexed-bgzf	5425725	11230392	0	raw-matches-validated-canonical	/home/data/vcftools-ng-benchmark-v0130/output/bgzf_auto_csi__hdd_bgzf-t16-r1.RlDfWi/input.vcf.gz	BGZF VCF
bgzf_auto_csi__hdd_bgzf	HDD	ext4	2	1	626.165262	627.288260	1.122998	1579.91	45.90	259	13726452	10203447961	236710192f24a7270f3d85240b07031efcd7c61b28fa7843a57be1ebf55b465d	7548416e01d4a318b81c5d1feb9429f60c7995205d66169242c3792af4c4fc14	PASS	YES	fast-filter-recode-indexed-bgzf	5425725	11230392	0	raw-matches-validated-canonical	/home/data/vcftools-ng-benchmark-v0130/output/bgzf_auto_csi__hdd_bgzf-t2-r1.s9dOAH/input.vcf.gz	BGZF VCF
bgzf_auto_csi__hdd_bgzf	HDD	ext4	24	1	129.774445	159.120803	29.346358	2247.22	57.32	1775	15254428	10203447961	236710192f24a7270f3d85240b07031efcd7c61b28fa7843a57be1ebf55b465d	7548416e01d4a318b81c5d1feb9429f60c7995205d66169242c3792af4c4fc14	PASS	YES	fast-filter-recode-indexed-bgzf	5425725	11230392	0	raw-matches-validated-canonical	/home/data/vcftools-ng-benchmark-v0130/output/bgzf_auto_csi__hdd_bgzf-t24-r1.P7fIGA/input.vcf.gz	BGZF VCF
bgzf_auto_csi__hdd_bgzf	HDD	ext4	28	1	130.497969	159.609859	29.111890	2262.92	55.25	1776	15734256	10203447961	236710192f24a7270f3d85240b07031efcd7c61b28fa7843a57be1ebf55b465d	7548416e01d4a318b81c5d1feb9429f60c7995205d66169242c3792af4c4fc14	PASS	YES	fast-filter-recode-indexed-bgzf	5425725	11230392	0	raw-matches-validated-canonical	/home/data/vcftools-ng-benchmark-v0130/output/bgzf_auto_csi__hdd_bgzf-t28-r1.YibTho/input.vcf.gz	BGZF VCF
bgzf_auto_csi__hdd_bgzf	HDD	ext4	32	1	128.871976	157.778800	28.906824	2284.48	53.87	1814	16261772	10203447961	236710192f24a7270f3d85240b07031efcd7c61b28fa7843a57be1ebf55b465d	7548416e01d4a318b81c5d1feb9429f60c7995205d66169242c3792af4c4fc14	PASS	YES	fast-filter-recode-indexed-bgzf	5425725	11230392	0	raw-matches-validated-canonical	/home/data/vcftools-ng-benchmark-v0130/output/bgzf_auto_csi__hdd_bgzf-t32-r1.HTmeBS/input.vcf.gz	BGZF VCF
bgzf_auto_csi__hdd_bgzf	HDD	ext4	4	1	326.509597	329.084363	2.574766	1604.89	43.74	504	14185120	10203447961	236710192f24a7270f3d85240b07031efcd7c61b28fa7843a57be1ebf55b465d	7548416e01d4a318b81c5d1feb9429f60c7995205d66169242c3792af4c4fc14	PASS	YES	fast-filter-recode-indexed-bgzf	5425725	11230392	0	raw-matches-validated-canonical	/home/data/vcftools-ng-benchmark-v0130/output/bgzf_auto_csi__hdd_bgzf-t4-r1.F5nwX5/input.vcf.gz	BGZF VCF
bgzf_auto_csi__hdd_bgzf	HDD	ext4	8	1	209.937918	212.870073	2.932155	1744.12	43.82	851	14806768	10203447961	236710192f24a7270f3d85240b07031efcd7c61b28fa7843a57be1ebf55b465d	7548416e01d4a318b81c5d1feb9429f60c7995205d66169242c3792af4c4fc14	PASS	YES	fast-filter-recode-indexed-bgzf	5425725	11230392	0	raw-matches-validated-canonical	/home/data/vcftools-ng-benchmark-v0130/output/bgzf_auto_csi__hdd_bgzf-t8-r1.rOb5rn/input.vcf.gz	BGZF VCF
bgzf_auto_csi__ssd_bgzf	SSD	ext4	1	1	1221.368239	1221.376223	0.007984	1255.53	16.85	104	22768	10203447961	236710192f24a7270f3d85240b07031efcd7c61b28fa7843a57be1ebf55b465d	7548416e01d4a318b81c5d1feb9429f60c7995205d66169242c3792af4c4fc14	PASS	YES	fast-filter-recode-bgzf	5425725	11230392	0	raw-matches-validated-canonical	/home/vensin/workspace/vcftools-ng-benchmark-v0130/ssd/bgzf_auto_csi__ssd_bgzf-t1-r1.HChLSr/input.vcf.gz	BGZF VCF
bgzf_auto_csi__ssd_bgzf	SSD	ext4	12	1	171.431292	172.265786	0.834493	1930.54	47.15	1153	14965224	10203447961	236710192f24a7270f3d85240b07031efcd7c61b28fa7843a57be1ebf55b465d	7548416e01d4a318b81c5d1feb9429f60c7995205d66169242c3792af4c4fc14	PASS	YES	fast-filter-recode-indexed-bgzf	5425725	11230392	0	raw-matches-validated-canonical	/home/vensin/workspace/vcftools-ng-benchmark-v0130/ssd/bgzf_auto_csi__ssd_bgzf-t12-r1.YBLut0/input.vcf.gz	BGZF VCF
bgzf_auto_csi__ssd_bgzf	SSD	ext4	16	1	149.566625	151.495912	1.929287	2057.47	46.63	1406	14593676	10203447961	236710192f24a7270f3d85240b07031efcd7c61b28fa7843a57be1ebf55b465d	7548416e01d4a318b81c5d1feb9429f60c7995205d66169242c3792af4c4fc14	PASS	YES	fast-filter-recode-indexed-bgzf	5425725	11230392	0	raw-matches-validated-canonical	/home/vensin/workspace/vcftools-ng-benchmark-v0130/ssd/bgzf_auto_csi__ssd_bgzf-t16-r1.Yj6SZE/input.vcf.gz	BGZF VCF
bgzf_auto_csi__ssd_bgzf	SSD	ext4	2	1	622.723028	622.764046	0.041018	1581.63	45.81	261	13727892	10203447961	236710192f24a7270f3d85240b07031efcd7c61b28fa7843a57be1ebf55b465d	7548416e01d4a318b81c5d1feb9429f60c7995205d66169242c3792af4c4fc14	PASS	YES	fast-filter-recode-indexed-bgzf	5425725	11230392	0	raw-matches-validated-canonical	/home/vensin/workspace/vcftools-ng-benchmark-v0130/ssd/bgzf_auto_csi__ssd_bgzf-t2-r1.I1GvbA/input.vcf.gz	BGZF VCF
bgzf_auto_csi__ssd_bgzf	SSD	ext4	24	1	128.601952	129.717042	1.115090	2252.01	57.59	1795	15244796	10203447961	236710192f24a7270f3d85240b07031efcd7c61b28fa7843a57be1ebf55b465d	7548416e01d4a318b81c5d1feb9429f60c7995205d66169242c3792af4c4fc14	PASS	YES	fast-filter-recode-indexed-bgzf	5425725	11230392	0	raw-matches-validated-canonical	/home/vensin/workspace/vcftools-ng-benchmark-v0130/ssd/bgzf_auto_csi__ssd_bgzf-t24-r1.LNgJiV/input.vcf.gz	BGZF VCF
bgzf_auto_csi__ssd_bgzf	SSD	ext4	28	1	127.708558	128.933038	1.224480	2267.47	55.68	1819	15776292	10203447961	236710192f24a7270f3d85240b07031efcd7c61b28fa7843a57be1ebf55b465d	7548416e01d4a318b81c5d1feb9429f60c7995205d66169242c3792af4c4fc14	PASS	YES	fast-filter-recode-indexed-bgzf	5425725	11230392	0	raw-matches-validated-canonical	/home/vensin/workspace/vcftools-ng-benchmark-v0130/ssd/bgzf_auto_csi__ssd_bgzf-t28-r1.vEHnwS/input.vcf.gz	BGZF VCF
bgzf_auto_csi__ssd_bgzf	SSD	ext4	32	1	128.741470	128.847446	0.105975	2287.51	53.70	1818	16139232	10203447961	236710192f24a7270f3d85240b07031efcd7c61b28fa7843a57be1ebf55b465d	7548416e01d4a318b81c5d1feb9429f60c7995205d66169242c3792af4c4fc14	PASS	YES	fast-filter-recode-indexed-bgzf	5425725	11230392	0	raw-matches-validated-canonical	/home/vensin/workspace/vcftools-ng-benchmark-v0130/ssd/bgzf_auto_csi__ssd_bgzf-t32-r1.j5mUmv/input.vcf.gz	BGZF VCF
bgzf_auto_csi__ssd_bgzf	SSD	ext4	4	1	324.187302	324.309649	0.122347	1608.86	43.51	509	14184780	10203447961	236710192f24a7270f3d85240b07031efcd7c61b28fa7843a57be1ebf55b465d	7548416e01d4a318b81c5d1feb9429f60c7995205d66169242c3792af4c4fc14	PASS	YES	fast-filter-recode-indexed-bgzf	5425725	11230392	0	raw-matches-validated-canonical	/home/vensin/workspace/vcftools-ng-benchmark-v0130/ssd/bgzf_auto_csi__ssd_bgzf-t4-r1.UxddYQ/input.vcf.gz	BGZF VCF
bgzf_auto_csi__ssd_bgzf	SSD	ext4	8	1	205.685266	206.352133	0.666867	1747.83	44.32	871	14887184	10203447961	236710192f24a7270f3d85240b07031efcd7c61b28fa7843a57be1ebf55b465d	7548416e01d4a318b81c5d1feb9429f60c7995205d66169242c3792af4c4fc14	PASS	YES	fast-filter-recode-indexed-bgzf	5425725	11230392	0	raw-matches-validated-canonical	/home/vensin/workspace/vcftools-ng-benchmark-v0130/ssd/bgzf_auto_csi__ssd_bgzf-t8-r1.BpiDVc/input.vcf.gz	BGZF VCF
bgzf_auto_csi__ssd_plain	SSD	ext4	1	1	241.418058	241.607006	0.188949	227.01	13.24	99	22652	59434159204	7548416e01d4a318b81c5d1feb9429f60c7995205d66169242c3792af4c4fc14	7548416e01d4a318b81c5d1feb9429f60c7995205d66169242c3792af4c4fc14	PASS	YES	fast-filter-recode-bgzf	5425725	11230392	0	plain-raw-sha256	/home/vensin/workspace/vcftools-ng-benchmark-v0130/ssd/bgzf_auto_csi__ssd_plain-t1-r1.CfwX0N/input.vcf.gz	VCF
bgzf_auto_csi__ssd_plain	SSD	ext4	12	1	91.843406	104.890426	13.047021	617.17	63.51	741	9779184	59434159204	7548416e01d4a318b81c5d1feb9429f60c7995205d66169242c3792af4c4fc14	7548416e01d4a318b81c5d1feb9429f60c7995205d66169242c3792af4c4fc14	PASS	YES	fast-filter-recode-indexed-bgzf	5425725	11230392	0	plain-raw-sha256	/home/vensin/workspace/vcftools-ng-benchmark-v0130/ssd/bgzf_auto_csi__ssd_plain-t12-r1.3Q4AI1/input.vcf.gz	VCF
bgzf_auto_csi__ssd_plain	SSD	ext4	16	1	85.657774	95.898574	10.240800	646.80	60.57	825	8591856	59434159204	7548416e01d4a318b81c5d1feb9429f60c7995205d66169242c3792af4c4fc14	7548416e01d4a318b81c5d1feb9429f60c7995205d66169242c3792af4c4fc14	PASS	YES	fast-filter-recode-indexed-bgzf	5425725	11230392	0	plain-raw-sha256	/home/vensin/workspace/vcftools-ng-benchmark-v0130/ssd/bgzf_auto_csi__ssd_plain-t16-r1.fdZTOO/input.vcf.gz	VCF
bgzf_auto_csi__ssd_plain	SSD	ext4	2	1	264.600690	265.686500	1.085810	554.47	49.72	228	6206320	59434159204	7548416e01d4a318b81c5d1feb9429f60c7995205d66169242c3792af4c4fc14	7548416e01d4a318b81c5d1feb9429f60c7995205d66169242c3792af4c4fc14	PASS	YES	fast-filter-recode-indexed-bgzf	5425725	11230392	0	plain-raw-sha256	/home/vensin/workspace/vcftools-ng-benchmark-v0130/ssd/bgzf_auto_csi__ssd_plain-t2-r1.lAiUtb/input.vcf.gz	VCF
bgzf_auto_csi__ssd_plain	SSD	ext4	24	1	82.549619	93.804136	11.254517	675.96	72.78	907	14058084	59434159204	7548416e01d4a318b81c5d1feb9429f60c7995205d66169242c3792af4c4fc14	7548416e01d4a318b81c5d1feb9429f60c7995205d66169242c3792af4c4fc14	PASS	YES	fast-filter-recode-indexed-bgzf	5425725	11230392	0	plain-raw-sha256	/home/vensin/workspace/vcftools-ng-benchmark-v0130/ssd/bgzf_auto_csi__ssd_plain-t24-r1.CiCwni/input.vcf.gz	VCF
bgzf_auto_csi__ssd_plain	SSD	ext4	28	1	87.436310	98.722165	11.285855	685.25	68.78	862	14514752	59434159204	7548416e01d4a318b81c5d1feb9429f60c7995205d66169242c3792af4c4fc14	7548416e01d4a318b81c5d1feb9429f60c7995205d66169242c3792af4c4fc14	PASS	YES	fast-filter-recode-indexed-bgzf	5425725	11230392	0	plain-raw-sha256	/home/vensin/workspace/vcftools-ng-benchmark-v0130/ssd/bgzf_auto_csi__ssd_plain-t28-r1.w9itYb/input.vcf.gz	VCF
bgzf_auto_csi__ssd_plain	SSD	ext4	32	1	85.747106	97.457589	11.710483	696.92	66.51	890	14908792	59434159204	7548416e01d4a318b81c5d1feb9429f60c7995205d66169242c3792af4c4fc14	7548416e01d4a318b81c5d1feb9429f60c7995205d66169242c3792af4c4fc14	PASS	YES	fast-filter-recode-indexed-bgzf	5425725	11230392	0	plain-raw-sha256	/home/vensin/workspace/vcftools-ng-benchmark-v0130/ssd/bgzf_auto_csi__ssd_plain-t32-r1.HbJ9wT/input.vcf.gz	VCF
bgzf_auto_csi__ssd_plain	SSD	ext4	4	1	140.095168	145.500856	5.405688	561.27	51.12	437	8462964	59434159204	7548416e01d4a318b81c5d1feb9429f60c7995205d66169242c3792af4c4fc14	7548416e01d4a318b81c5d1feb9429f60c7995205d66169242c3792af4c4fc14	PASS	YES	fast-filter-recode-indexed-bgzf	5425725	11230392	0	plain-raw-sha256	/home/vensin/workspace/vcftools-ng-benchmark-v0130/ssd/bgzf_auto_csi__ssd_plain-t4-r1.VwBN4q/input.vcf.gz	VCF
bgzf_auto_csi__ssd_plain	SSD	ext4	8	1	100.802441	107.005328	6.202887	574.50	56.18	625	9622728	59434159204	7548416e01d4a318b81c5d1feb9429f60c7995205d66169242c3792af4c4fc14	7548416e01d4a318b81c5d1feb9429f60c7995205d66169242c3792af4c4fc14	PASS	YES	fast-filter-recode-indexed-bgzf	5425725	11230392	0	plain-raw-sha256	/home/vensin/workspace/vcftools-ng-benchmark-v0130/ssd/bgzf_auto_csi__ssd_plain-t8-r1.TAC7oy/input.vcf.gz	VCF
bgzf_tbi__hdd_bgzf	HDD	ext4	1	1	1322.124795	1322.966145	0.841350	1260.25	20.36	96	25868	10203447961	236710192f24a7270f3d85240b07031efcd7c61b28fa7843a57be1ebf55b465d	7548416e01d4a318b81c5d1feb9429f60c7995205d66169242c3792af4c4fc14	PASS	YES	fast-filter-recode-bgzf	5425725	11230392	0	raw-matches-validated-canonical	/home/data/vcftools-ng-benchmark-v0130/input/osmanthus412.snps.vcf.gz	BGZF VCF
bgzf_tbi__hdd_bgzf	HDD	ext4	12	1	115.650767	131.892814	16.242047	1664.30	39.61	1473	14746120	10203447961	236710192f24a7270f3d85240b07031efcd7c61b28fa7843a57be1ebf55b465d	7548416e01d4a318b81c5d1feb9429f60c7995205d66169242c3792af4c4fc14	PASS	YES	fast-filter-recode-indexed-bgzf	5425725	11230392	0	raw-matches-validated-canonical	/home/data/vcftools-ng-benchmark-v0130/input/osmanthus412.snps.vcf.gz	BGZF VCF
bgzf_tbi__hdd_bgzf	HDD	ext4	16	1	95.053557	107.016374	11.962817	1786.50	37.71	1919	14962132	10203447961	236710192f24a7270f3d85240b07031efcd7c61b28fa7843a57be1ebf55b465d	7548416e01d4a318b81c5d1feb9429f60c7995205d66169242c3792af4c4fc14	PASS	YES	fast-filter-recode-indexed-bgzf	5425725	11230392	0	raw-matches-validated-canonical	/home/data/vcftools-ng-benchmark-v0130/input/osmanthus412.snps.vcf.gz	BGZF VCF
bgzf_tbi__hdd_bgzf	HDD	ext4	2	1	524.012816	526.674227	2.661412	1322.05	39.76	259	13726640	10203447961	236710192f24a7270f3d85240b07031efcd7c61b28fa7843a57be1ebf55b465d	7548416e01d4a318b81c5d1feb9429f60c7995205d66169242c3792af4c4fc14	PASS	YES	fast-filter-recode-indexed-bgzf	5425725	11230392	0	raw-matches-validated-canonical	/home/data/vcftools-ng-benchmark-v0130/input/osmanthus412.snps.vcf.gz	BGZF VCF
bgzf_tbi__hdd_bgzf	HDD	ext4	24	1	73.025337	102.561046	29.535708	1980.05	49.13	2778	15330704	10203447961	236710192f24a7270f3d85240b07031efcd7c61b28fa7843a57be1ebf55b465d	7548416e01d4a318b81c5d1feb9429f60c7995205d66169242c3792af4c4fc14	PASS	YES	fast-filter-recode-indexed-bgzf	5425725	11230392	0	raw-matches-validated-canonical	/home/data/vcftools-ng-benchmark-v0130/input/osmanthus412.snps.vcf.gz	BGZF VCF
bgzf_tbi__hdd_bgzf	HDD	ext4	28	1	72.348771	103.849571	31.500800	1998.12	46.75	2826	15894712	10203447961	236710192f24a7270f3d85240b07031efcd7c61b28fa7843a57be1ebf55b465d	7548416e01d4a318b81c5d1feb9429f60c7995205d66169242c3792af4c4fc14	PASS	YES	fast-filter-recode-indexed-bgzf	5425725	11230392	0	raw-matches-validated-canonical	/home/data/vcftools-ng-benchmark-v0130/input/osmanthus412.snps.vcf.gz	BGZF VCF
bgzf_tbi__hdd_bgzf	HDD	ext4	32	1	71.468922	101.760764	30.291842	2015.01	45.99	2883	16303456	10203447961	236710192f24a7270f3d85240b07031efcd7c61b28fa7843a57be1ebf55b465d	7548416e01d4a318b81c5d1feb9429f60c7995205d66169242c3792af4c4fc14	PASS	YES	fast-filter-recode-indexed-bgzf	5425725	11230392	0	raw-matches-validated-canonical	/home/data/vcftools-ng-benchmark-v0130/input/osmanthus412.snps.vcf.gz	BGZF VCF
bgzf_tbi__hdd_bgzf	HDD	ext4	4	1	270.806650	274.795137	3.988487	1343.48	36.59	509	14185740	10203447961	236710192f24a7270f3d85240b07031efcd7c61b28fa7843a57be1ebf55b465d	7548416e01d4a318b81c5d1feb9429f60c7995205d66169242c3792af4c4fc14	PASS	YES	fast-filter-recode-indexed-bgzf	5425725	11230392	0	raw-matches-validated-canonical	/home/data/vcftools-ng-benchmark-v0130/input/osmanthus412.snps.vcf.gz	BGZF VCF
bgzf_tbi__hdd_bgzf	HDD	ext4	8	1	152.872393	156.162923	3.290530	1478.32	35.83	990	14716112	10203447961	236710192f24a7270f3d85240b07031efcd7c61b28fa7843a57be1ebf55b465d	7548416e01d4a318b81c5d1feb9429f60c7995205d66169242c3792af4c4fc14	PASS	YES	fast-filter-recode-indexed-bgzf	5425725	11230392	0	raw-matches-validated-canonical	/home/data/vcftools-ng-benchmark-v0130/input/osmanthus412.snps.vcf.gz	BGZF VCF
bgzf_tbi__ssd_bgzf	SSD	ext4	1	1	1229.875512	1229.972376	0.096864	1265.48	18.69	104	26028	10203447961	236710192f24a7270f3d85240b07031efcd7c61b28fa7843a57be1ebf55b465d	7548416e01d4a318b81c5d1feb9429f60c7995205d66169242c3792af4c4fc14	PASS	YES	fast-filter-recode-bgzf	5425725	11230392	0	full-decompressed-sha256	/home/vensin/workspace/Sweet_Osmanthus/05.variant_filter/02.vcftools_filter_snp_indel/412samples.SNP.biallelic.minGQ10.minQ30.meanDP6.maxmiss0.8.maf0.05.vcf.gz	BGZF VCF
bgzf_tbi__ssd_bgzf	SSD	ext4	12	1	114.853261	115.327150	0.473889	1673.78	40.31	1492	15725136	10203447961	236710192f24a7270f3d85240b07031efcd7c61b28fa7843a57be1ebf55b465d	7548416e01d4a318b81c5d1feb9429f60c7995205d66169242c3792af4c4fc14	PASS	YES	fast-filter-recode-indexed-bgzf	5425725	11230392	0	full-decompressed-sha256	/home/vensin/workspace/Sweet_Osmanthus/05.variant_filter/02.vcftools_filter_snp_indel/412samples.SNP.biallelic.minGQ10.minQ30.meanDP6.maxmiss0.8.maf0.05.vcf.gz	BGZF VCF
bgzf_tbi__ssd_bgzf	SSD	ext4	16	1	91.271651	92.107426	0.835775	1802.19	39.92	2018	14575664	10203447961	236710192f24a7270f3d85240b07031efcd7c61b28fa7843a57be1ebf55b465d	7548416e01d4a318b81c5d1feb9429f60c7995205d66169242c3792af4c4fc14	PASS	YES	fast-filter-recode-indexed-bgzf	5425725	11230392	0	full-decompressed-sha256	/home/vensin/workspace/Sweet_Osmanthus/05.variant_filter/02.vcftools_filter_snp_indel/412samples.SNP.biallelic.minGQ10.minQ30.meanDP6.maxmiss0.8.maf0.05.vcf.gz	BGZF VCF
bgzf_tbi__ssd_bgzf	SSD	ext4	2	1	528.120278	528.227496	0.107218	1340.35	40.34	261	13727720	10203447961	236710192f24a7270f3d85240b07031efcd7c61b28fa7843a57be1ebf55b465d	7548416e01d4a318b81c5d1feb9429f60c7995205d66169242c3792af4c4fc14	PASS	YES	fast-filter-recode-indexed-bgzf	5425725	11230392	0	full-decompressed-sha256	/home/vensin/workspace/Sweet_Osmanthus/05.variant_filter/02.vcftools_filter_snp_indel/412samples.SNP.biallelic.minGQ10.minQ30.meanDP6.maxmiss0.8.maf0.05.vcf.gz	BGZF VCF
bgzf_tbi__ssd_bgzf	SSD	ext4	24	1	72.795984	77.629647	4.833663	1987.18	50.39	2799	15257368	10203447961	236710192f24a7270f3d85240b07031efcd7c61b28fa7843a57be1ebf55b465d	7548416e01d4a318b81c5d1feb9429f60c7995205d66169242c3792af4c4fc14	PASS	YES	fast-filter-recode-indexed-bgzf	5425725	11230392	0	full-decompressed-sha256	/home/vensin/workspace/Sweet_Osmanthus/05.variant_filter/02.vcftools_filter_snp_indel/412samples.SNP.biallelic.minGQ10.minQ30.meanDP6.maxmiss0.8.maf0.05.vcf.gz	BGZF VCF
bgzf_tbi__ssd_bgzf	SSD	ext4	28	1	72.042305	75.808389	3.766085	2006.42	48.44	2852	15842120	10203447961	236710192f24a7270f3d85240b07031efcd7c61b28fa7843a57be1ebf55b465d	7548416e01d4a318b81c5d1feb9429f60c7995205d66169242c3792af4c4fc14	PASS	YES	fast-filter-recode-indexed-bgzf	5425725	11230392	0	full-decompressed-sha256	/home/vensin/workspace/Sweet_Osmanthus/05.variant_filter/02.vcftools_filter_snp_indel/412samples.SNP.biallelic.minGQ10.minQ30.meanDP6.maxmiss0.8.maf0.05.vcf.gz	BGZF VCF
bgzf_tbi__ssd_bgzf	SSD	ext4	32	1	71.298551	71.392543	0.093991	2023.00	47.17	2903	16252464	10203447961	236710192f24a7270f3d85240b07031efcd7c61b28fa7843a57be1ebf55b465d	7548416e01d4a318b81c5d1feb9429f60c7995205d66169242c3792af4c4fc14	PASS	YES	fast-filter-recode-indexed-bgzf	5425725	11230392	0	full-decompressed-sha256	/home/vensin/workspace/Sweet_Osmanthus/05.variant_filter/02.vcftools_filter_snp_indel/412samples.SNP.biallelic.minGQ10.minQ30.meanDP6.maxmiss0.8.maf0.05.vcf.gz	BGZF VCF
bgzf_tbi__ssd_bgzf	SSD	ext4	4	1	270.559811	270.704923	0.145112	1360.45	37.63	516	14184020	10203447961	236710192f24a7270f3d85240b07031efcd7c61b28fa7843a57be1ebf55b465d	7548416e01d4a318b81c5d1feb9429f60c7995205d66169242c3792af4c4fc14	PASS	YES	fast-filter-recode-indexed-bgzf	5425725	11230392	0	full-decompressed-sha256	/home/vensin/workspace/Sweet_Osmanthus/05.variant_filter/02.vcftools_filter_snp_indel/412samples.SNP.biallelic.minGQ10.minQ30.meanDP6.maxmiss0.8.maf0.05.vcf.gz	BGZF VCF
bgzf_tbi__ssd_bgzf	SSD	ext4	8	1	150.057138	150.635432	0.578295	1487.85	36.22	1015	14413776	10203447961	236710192f24a7270f3d85240b07031efcd7c61b28fa7843a57be1ebf55b465d	7548416e01d4a318b81c5d1feb9429f60c7995205d66169242c3792af4c4fc14	PASS	YES	fast-filter-recode-indexed-bgzf	5425725	11230392	0	full-decompressed-sha256	/home/vensin/workspace/Sweet_Osmanthus/05.variant_filter/02.vcftools_filter_snp_indel/412samples.SNP.biallelic.minGQ10.minQ30.meanDP6.maxmiss0.8.maf0.05.vcf.gz	BGZF VCF
bgzf_tbi__ssd_plain	SSD	ext4	1	1	243.463690	243.764569	0.300878	229.45	13.96	99	26388	59434159204	7548416e01d4a318b81c5d1feb9429f60c7995205d66169242c3792af4c4fc14	7548416e01d4a318b81c5d1feb9429f60c7995205d66169242c3792af4c4fc14	PASS	YES	fast-filter-recode-bgzf	5425725	11230392	0	plain-raw-sha256	/home/vensin/workspace/Sweet_Osmanthus/05.variant_filter/02.vcftools_filter_snp_indel/412samples.SNP.biallelic.minGQ10.minQ30.meanDP6.maxmiss0.8.maf0.05.vcf.gz	VCF
bgzf_tbi__ssd_plain	SSD	ext4	12	1	34.270331	44.528075	10.257744	353.82	57.57	1200	9800648	59434159204	7548416e01d4a318b81c5d1feb9429f60c7995205d66169242c3792af4c4fc14	7548416e01d4a318b81c5d1feb9429f60c7995205d66169242c3792af4c4fc14	PASS	YES	fast-filter-recode-indexed-bgzf	5425725	11230392	0	plain-raw-sha256	/home/vensin/workspace/Sweet_Osmanthus/05.variant_filter/02.vcftools_filter_snp_indel/412samples.SNP.biallelic.minGQ10.minQ30.meanDP6.maxmiss0.8.maf0.05.vcf.gz	VCF
bgzf_tbi__ssd_plain	SSD	ext4	16	1	28.501239	39.822392	11.321154	381.20	55.16	1531	9606956	59434159204	7548416e01d4a318b81c5d1feb9429f60c7995205d66169242c3792af4c4fc14	7548416e01d4a318b81c5d1feb9429f60c7995205d66169242c3792af4c4fc14	PASS	YES	fast-filter-recode-indexed-bgzf	5425725	11230392	0	plain-raw-sha256	/home/vensin/workspace/Sweet_Osmanthus/05.variant_filter/02.vcftools_filter_snp_indel/412samples.SNP.biallelic.minGQ10.minQ30.meanDP6.maxmiss0.8.maf0.05.vcf.gz	VCF
bgzf_tbi__ssd_plain	SSD	ext4	2	1	166.439025	173.258370	6.819345	299.48	43.54	206	6207352	59434159204	7548416e01d4a318b81c5d1feb9429f60c7995205d66169242c3792af4c4fc14	7548416e01d4a318b81c5d1feb9429f60c7995205d66169242c3792af4c4fc14	PASS	YES	fast-filter-recode-indexed-bgzf	5425725	11230392	0	plain-raw-sha256	/home/vensin/workspace/Sweet_Osmanthus/05.variant_filter/02.vcftools_filter_snp_indel/412samples.SNP.biallelic.minGQ10.minQ30.meanDP6.maxmiss0.8.maf0.05.vcf.gz	VCF
bgzf_tbi__ssd_plain	SSD	ext4	24	1	27.690867	38.142513	10.451645	416.41	66.74	1745	13381024	59434159204	7548416e01d4a318b81c5d1feb9429f60c7995205d66169242c3792af4c4fc14	7548416e01d4a318b81c5d1feb9429f60c7995205d66169242c3792af4c4fc14	PASS	YES	fast-filter-recode-indexed-bgzf	5425725	11230392	0	plain-raw-sha256	/home/vensin/workspace/Sweet_Osmanthus/05.variant_filter/02.vcftools_filter_snp_indel/412samples.SNP.biallelic.minGQ10.minQ30.meanDP6.maxmiss0.8.maf0.05.vcf.gz	VCF
bgzf_tbi__ssd_plain	SSD	ext4	28	1	29.280039	41.753988	12.473950	427.10	61.76	1669	14418536	59434159204	7548416e01d4a318b81c5d1feb9429f60c7995205d66169242c3792af4c4fc14	7548416e01d4a318b81c5d1feb9429f60c7995205d66169242c3792af4c4fc14	PASS	YES	fast-filter-recode-indexed-bgzf	5425725	11230392	0	plain-raw-sha256	/home/vensin/workspace/Sweet_Osmanthus/05.variant_filter/02.vcftools_filter_snp_indel/412samples.SNP.biallelic.minGQ10.minQ30.meanDP6.maxmiss0.8.maf0.05.vcf.gz	VCF
bgzf_tbi__ssd_plain	SSD	ext4	32	1	28.501450	39.946709	11.445259	434.01	59.39	1731	15103928	59434159204	7548416e01d4a318b81c5d1feb9429f60c7995205d66169242c3792af4c4fc14	7548416e01d4a318b81c5d1feb9429f60c7995205d66169242c3792af4c4fc14	PASS	YES	fast-filter-recode-indexed-bgzf	5425725	11230392	0	plain-raw-sha256	/home/vensin/workspace/Sweet_Osmanthus/05.variant_filter/02.vcftools_filter_snp_indel/412samples.SNP.biallelic.minGQ10.minQ30.meanDP6.maxmiss0.8.maf0.05.vcf.gz	VCF
bgzf_tbi__ssd_plain	SSD	ext4	4	1	85.779174	90.413696	4.634522	304.34	45.45	407	8406468	59434159204	7548416e01d4a318b81c5d1feb9429f60c7995205d66169242c3792af4c4fc14	7548416e01d4a318b81c5d1feb9429f60c7995205d66169242c3792af4c4fc14	PASS	YES	fast-filter-recode-indexed-bgzf	5425725	11230392	0	plain-raw-sha256	/home/vensin/workspace/Sweet_Osmanthus/05.variant_filter/02.vcftools_filter_snp_indel/412samples.SNP.biallelic.minGQ10.minQ30.meanDP6.maxmiss0.8.maf0.05.vcf.gz	VCF
bgzf_tbi__ssd_plain	SSD	ext4	8	1	44.087477	50.607778	6.520301	310.37	48.03	812	9937800	59434159204	7548416e01d4a318b81c5d1feb9429f60c7995205d66169242c3792af4c4fc14	7548416e01d4a318b81c5d1feb9429f60c7995205d66169242c3792af4c4fc14	PASS	YES	fast-filter-recode-indexed-bgzf	5425725	11230392	0	plain-raw-sha256	/home/vensin/workspace/Sweet_Osmanthus/05.variant_filter/02.vcftools_filter_snp_indel/412samples.SNP.biallelic.minGQ10.minQ30.meanDP6.maxmiss0.8.maf0.05.vcf.gz	VCF
plain_vcf__hdd_bgzf	HDD	ext4	1	1	1076.971087	1077.214067	0.242980	1208.10	52.23	117	207524	10203446692	0701fddc2edb784248b0c65037417754e4ce094dff8b4b6bbd64d4fe8dc9138d	d4f2a15e8c5ad0cc12abf4a3ab308bb48f22adf8ec13776d72ceeaa1f8d402b8	PASS	YES	fast-filter-recode-plain	5425725	11230392	0	raw-matches-validated-canonical	/home/data/vcftools-ng-benchmark-v0130/input/osmanthus412.snps.vcf	BGZF VCF
plain_vcf__hdd_bgzf	HDD	ext4	12	1	883.688566	885.549966	1.861400	1404.19	38.58	163	852496	10203446692	0701fddc2edb784248b0c65037417754e4ce094dff8b4b6bbd64d4fe8dc9138d	d4f2a15e8c5ad0cc12abf4a3ab308bb48f22adf8ec13776d72ceeaa1f8d402b8	PASS	YES	fast-filter-recode-plain	5425725	11230392	0	raw-matches-validated-canonical	/home/data/vcftools-ng-benchmark-v0130/input/osmanthus412.snps.vcf	BGZF VCF
plain_vcf__hdd_bgzf	HDD	ext4	16	1	909.746123	911.006362	1.260240	1505.89	40.06	169	762068	10203446692	0701fddc2edb784248b0c65037417754e4ce094dff8b4b6bbd64d4fe8dc9138d	d4f2a15e8c5ad0cc12abf4a3ab308bb48f22adf8ec13776d72ceeaa1f8d402b8	PASS	YES	fast-filter-recode-plain	5425725	11230392	0	raw-matches-validated-canonical	/home/data/vcftools-ng-benchmark-v0130/input/osmanthus412.snps.vcf	BGZF VCF
plain_vcf__hdd_bgzf	HDD	ext4	2	1	823.982765	825.476555	1.493790	1211.11	49.44	152	268620	10203446692	0701fddc2edb784248b0c65037417754e4ce094dff8b4b6bbd64d4fe8dc9138d	d4f2a15e8c5ad0cc12abf4a3ab308bb48f22adf8ec13776d72ceeaa1f8d402b8	PASS	YES	fast-filter-recode-plain	5425725	11230392	0	raw-matches-validated-canonical	/home/data/vcftools-ng-benchmark-v0130/input/osmanthus412.snps.vcf	BGZF VCF
plain_vcf__hdd_bgzf	HDD	ext4	24	1	997.624267	999.943577	2.319310	1629.41	36.45	166	710788	10203446692	0701fddc2edb784248b0c65037417754e4ce094dff8b4b6bbd64d4fe8dc9138d	d4f2a15e8c5ad0cc12abf4a3ab308bb48f22adf8ec13776d72ceeaa1f8d402b8	PASS	YES	fast-filter-recode-plain	5425725	11230392	0	raw-matches-validated-canonical	/home/data/vcftools-ng-benchmark-v0130/input/osmanthus412.snps.vcf	BGZF VCF
plain_vcf__hdd_bgzf	HDD	ext4	28	1	1029.139118	1031.110919	1.971801	1695.12	37.66	168	737696	10203446692	0701fddc2edb784248b0c65037417754e4ce094dff8b4b6bbd64d4fe8dc9138d	d4f2a15e8c5ad0cc12abf4a3ab308bb48f22adf8ec13776d72ceeaa1f8d402b8	PASS	YES	fast-filter-recode-plain	5425725	11230392	0	raw-matches-validated-canonical	/home/data/vcftools-ng-benchmark-v0130/input/osmanthus412.snps.vcf	BGZF VCF
plain_vcf__hdd_bgzf	HDD	ext4	32	1	1059.786454	1060.576422	0.789968	1723.75	41.88	166	753396	10203446692	0701fddc2edb784248b0c65037417754e4ce094dff8b4b6bbd64d4fe8dc9138d	d4f2a15e8c5ad0cc12abf4a3ab308bb48f22adf8ec13776d72ceeaa1f8d402b8	PASS	YES	fast-filter-recode-plain	5425725	11230392	0	raw-matches-validated-canonical	/home/data/vcftools-ng-benchmark-v0130/input/osmanthus412.snps.vcf	BGZF VCF
plain_vcf__hdd_bgzf	HDD	ext4	4	1	826.744950	827.867421	1.122471	1213.31	46.22	152	516612	10203446692	0701fddc2edb784248b0c65037417754e4ce094dff8b4b6bbd64d4fe8dc9138d	d4f2a15e8c5ad0cc12abf4a3ab308bb48f22adf8ec13776d72ceeaa1f8d402b8	PASS	YES	fast-filter-recode-plain	5425725	11230392	0	raw-matches-validated-canonical	/home/data/vcftools-ng-benchmark-v0130/input/osmanthus412.snps.vcf	BGZF VCF
plain_vcf__hdd_bgzf	HDD	ext4	8	1	869.951195	871.496519	1.545324	1251.51	38.91	148	844404	10203446692	0701fddc2edb784248b0c65037417754e4ce094dff8b4b6bbd64d4fe8dc9138d	d4f2a15e8c5ad0cc12abf4a3ab308bb48f22adf8ec13776d72ceeaa1f8d402b8	PASS	YES	fast-filter-recode-plain	5425725	11230392	0	raw-matches-validated-canonical	/home/data/vcftools-ng-benchmark-v0130/input/osmanthus412.snps.vcf	BGZF VCF
plain_vcf__ssd_bgzf	SSD	ext4	1	1	1018.627273	1018.683560	0.056287	1206.19	51.77	123	207528	10203446692	0701fddc2edb784248b0c65037417754e4ce094dff8b4b6bbd64d4fe8dc9138d	d4f2a15e8c5ad0cc12abf4a3ab308bb48f22adf8ec13776d72ceeaa1f8d402b8	PASS	YES	fast-filter-recode-plain	5425725	11230392	0	full-decompressed-sha256	/home/vensin/workspace/vcftools-ng/data/osmanthus412.snps.vcf	BGZF VCF
plain_vcf__ssd_bgzf	SSD	ext4	12	1	104.594742	106.639158	2.044416	1548.73	47.53	1526	1178808	10203446692	0701fddc2edb784248b0c65037417754e4ce094dff8b4b6bbd64d4fe8dc9138d	d4f2a15e8c5ad0cc12abf4a3ab308bb48f22adf8ec13776d72ceeaa1f8d402b8	PASS	YES	fast-filter-recode-plain	5425725	11230392	0	raw-matches-validated-canonical	/home/vensin/workspace/vcftools-ng/data/osmanthus412.snps.vcf	BGZF VCF
plain_vcf__ssd_bgzf	SSD	ext4	16	1	87.775787	89.132206	1.356419	1665.86	46.01	1950	1185132	10203446692	0701fddc2edb784248b0c65037417754e4ce094dff8b4b6bbd64d4fe8dc9138d	d4f2a15e8c5ad0cc12abf4a3ab308bb48f22adf8ec13776d72ceeaa1f8d402b8	PASS	YES	fast-filter-recode-plain	5425725	11230392	0	raw-matches-validated-canonical	/home/vensin/workspace/vcftools-ng/data/osmanthus412.snps.vcf	BGZF VCF
plain_vcf__ssd_bgzf	SSD	ext4	2	1	509.091138	509.171253	0.080115	1207.80	46.44	246	348512	10203446692	0701fddc2edb784248b0c65037417754e4ce094dff8b4b6bbd64d4fe8dc9138d	d4f2a15e8c5ad0cc12abf4a3ab308bb48f22adf8ec13776d72ceeaa1f8d402b8	PASS	YES	fast-filter-recode-plain	5425725	11230392	0	raw-matches-validated-canonical	/home/vensin/workspace/vcftools-ng/data/osmanthus412.snps.vcf	BGZF VCF
plain_vcf__ssd_bgzf	SSD	ext4	24	1	66.651194	67.920784	1.269590	1839.97	49.08	2834	920148	10203446692	0701fddc2edb784248b0c65037417754e4ce094dff8b4b6bbd64d4fe8dc9138d	d4f2a15e8c5ad0cc12abf4a3ab308bb48f22adf8ec13776d72ceeaa1f8d402b8	PASS	YES	fast-filter-recode-plain	5425725	11230392	0	raw-matches-validated-canonical	/home/vensin/workspace/vcftools-ng/data/osmanthus412.snps.vcf	BGZF VCF
plain_vcf__ssd_bgzf	SSD	ext4	28	1	67.242297	67.520213	0.277916	1846.89	55.11	2828	890748	10203446692	0701fddc2edb784248b0c65037417754e4ce094dff8b4b6bbd64d4fe8dc9138d	d4f2a15e8c5ad0cc12abf4a3ab308bb48f22adf8ec13776d72ceeaa1f8d402b8	PASS	YES	fast-filter-recode-plain	5425725	11230392	0	raw-matches-validated-canonical	/home/vensin/workspace/vcftools-ng/data/osmanthus412.snps.vcf	BGZF VCF
plain_vcf__ssd_bgzf	SSD	ext4	32	1	67.140178	71.101517	3.961339	1851.37	58.28	2844	858424	10203446692	0701fddc2edb784248b0c65037417754e4ce094dff8b4b6bbd64d4fe8dc9138d	d4f2a15e8c5ad0cc12abf4a3ab308bb48f22adf8ec13776d72ceeaa1f8d402b8	PASS	YES	fast-filter-recode-plain	5425725	11230392	0	raw-matches-validated-canonical	/home/vensin/workspace/vcftools-ng/data/osmanthus412.snps.vcf	BGZF VCF
plain_vcf__ssd_bgzf	SSD	ext4	4	1	257.791721	257.901970	0.110248	1223.21	46.10	492	630576	10203446692	0701fddc2edb784248b0c65037417754e4ce094dff8b4b6bbd64d4fe8dc9138d	d4f2a15e8c5ad0cc12abf4a3ab308bb48f22adf8ec13776d72ceeaa1f8d402b8	PASS	YES	fast-filter-recode-plain	5425725	11230392	0	raw-matches-validated-canonical	/home/vensin/workspace/vcftools-ng/data/osmanthus412.snps.vcf	BGZF VCF
plain_vcf__ssd_bgzf	SSD	ext4	8	1	134.328087	134.522188	0.194100	1374.41	49.96	1060	1105112	10203446692	0701fddc2edb784248b0c65037417754e4ce094dff8b4b6bbd64d4fe8dc9138d	d4f2a15e8c5ad0cc12abf4a3ab308bb48f22adf8ec13776d72ceeaa1f8d402b8	PASS	YES	fast-filter-recode-plain	5425725	11230392	0	raw-matches-validated-canonical	/home/vensin/workspace/vcftools-ng/data/osmanthus412.snps.vcf	BGZF VCF
plain_vcf__ssd_plain	SSD	ext4	1	1	241.250454	243.787234	2.536781	182.15	51.39	96	136860	59434159621	d4f2a15e8c5ad0cc12abf4a3ab308bb48f22adf8ec13776d72ceeaa1f8d402b8	d4f2a15e8c5ad0cc12abf4a3ab308bb48f22adf8ec13776d72ceeaa1f8d402b8	PASS	YES	fast-filter-recode-plain	5425725	11230392	0	plain-raw-sha256	/home/vensin/workspace/vcftools-ng/data/osmanthus412.snps.vcf	VCF
plain_vcf__ssd_plain	SSD	ext4	12	1	41.530940	54.256711	12.725770	221.03	76.99	717	894712	59434159621	d4f2a15e8c5ad0cc12abf4a3ab308bb48f22adf8ec13776d72ceeaa1f8d402b8	d4f2a15e8c5ad0cc12abf4a3ab308bb48f22adf8ec13776d72ceeaa1f8d402b8	PASS	YES	fast-filter-recode-plain	5425725	11230392	0	plain-raw-sha256	/home/vensin/workspace/vcftools-ng/data/osmanthus412.snps.vcf	VCF
plain_vcf__ssd_plain	SSD	ext4	16	1	41.988975	55.907805	13.918830	236.10	82.84	759	770536	59434159621	d4f2a15e8c5ad0cc12abf4a3ab308bb48f22adf8ec13776d72ceeaa1f8d402b8	d4f2a15e8c5ad0cc12abf4a3ab308bb48f22adf8ec13776d72ceeaa1f8d402b8	PASS	YES	fast-filter-recode-plain	5425725	11230392	0	plain-raw-sha256	/home/vensin/workspace/vcftools-ng/data/osmanthus412.snps.vcf	VCF
plain_vcf__ssd_plain	SSD	ext4	2	1	126.933844	127.880872	0.947028	183.51	56.06	188	250804	59434159621	d4f2a15e8c5ad0cc12abf4a3ab308bb48f22adf8ec13776d72ceeaa1f8d402b8	d4f2a15e8c5ad0cc12abf4a3ab308bb48f22adf8ec13776d72ceeaa1f8d402b8	PASS	YES	fast-filter-recode-plain	5425725	11230392	0	plain-raw-sha256	/home/vensin/workspace/vcftools-ng/data/osmanthus412.snps.vcf	VCF
plain_vcf__ssd_plain	SSD	ext4	24	1	40.014981	51.253239	11.238258	264.22	97.28	903	801792	59434159621	d4f2a15e8c5ad0cc12abf4a3ab308bb48f22adf8ec13776d72ceeaa1f8d402b8	d4f2a15e8c5ad0cc12abf4a3ab308bb48f22adf8ec13776d72ceeaa1f8d402b8	PASS	YES	fast-filter-recode-plain	5425725	11230392	0	plain-raw-sha256	/home/vensin/workspace/vcftools-ng/data/osmanthus412.snps.vcf	VCF
plain_vcf__ssd_plain	SSD	ext4	28	1	40.394860	52.879236	12.484377	262.82	93.94	883	795392	59434159621	d4f2a15e8c5ad0cc12abf4a3ab308bb48f22adf8ec13776d72ceeaa1f8d402b8	d4f2a15e8c5ad0cc12abf4a3ab308bb48f22adf8ec13776d72ceeaa1f8d402b8	PASS	YES	fast-filter-recode-plain	5425725	11230392	0	plain-raw-sha256	/home/vensin/workspace/vcftools-ng/data/osmanthus412.snps.vcf	VCF
plain_vcf__ssd_plain	SSD	ext4	32	1	40.699683	52.700353	12.000670	257.82	90.56	856	810564	59434159621	d4f2a15e8c5ad0cc12abf4a3ab308bb48f22adf8ec13776d72ceeaa1f8d402b8	d4f2a15e8c5ad0cc12abf4a3ab308bb48f22adf8ec13776d72ceeaa1f8d402b8	PASS	YES	fast-filter-recode-plain	5425725	11230392	0	plain-raw-sha256	/home/vensin/workspace/vcftools-ng/data/osmanthus412.snps.vcf	VCF
plain_vcf__ssd_plain	SSD	ext4	4	1	69.344044	73.643344	4.299301	185.72	60.87	355	496808	59434159621	d4f2a15e8c5ad0cc12abf4a3ab308bb48f22adf8ec13776d72ceeaa1f8d402b8	d4f2a15e8c5ad0cc12abf4a3ab308bb48f22adf8ec13776d72ceeaa1f8d402b8	PASS	YES	fast-filter-recode-plain	5425725	11230392	0	plain-raw-sha256	/home/vensin/workspace/vcftools-ng/data/osmanthus412.snps.vcf	VCF
plain_vcf__ssd_plain	SSD	ext4	8	1	42.247341	52.404760	10.157419	194.70	63.40	611	805748	59434159621	d4f2a15e8c5ad0cc12abf4a3ab308bb48f22adf8ec13776d72ceeaa1f8d402b8	d4f2a15e8c5ad0cc12abf4a3ab308bb48f22adf8ec13776d72ceeaa1f8d402b8	PASS	YES	fast-filter-recode-plain	5425725	11230392	0	plain-raw-sha256	/home/vensin/workspace/vcftools-ng/data/osmanthus412.snps.vcf	VCF
